PARAMETER,YEAR,REGION,LAT,LON,JAN,FEB,MAR,APR,MAY,JUN,JUL,AUG,SEP,OCT,NOV,DEC,ANN
T2M,2006,Theni,10,77.5,19.64,21.08,24.94,27.04,26.29,24.05,22.97,22.86,22.69,22.47,21.61,19.41,22.93
T2M,2006,Dindigul,10,78.125,22.29,23.97,27.93,30.46,29.91,28.23,27.73,27.49,26.13,25.93,24.18,22.45,26.4
T2M,2006,Tiruchirappalli,10,78.75,23.33,25.08,28.51,30.86,30.16,29.39,29.87,29.08,26.92,27.03,25.24,23.86,27.46
T2M,2006,Thanjavur,10,79.375,24.76,25.99,28.56,30.2,29.84,29.7,30.09,29.21,27.9,27.9,26.51,25.65,28.04
T2M,2006,Nagapattinam,10,80,25.49,26.21,28.11,29.6,29.38,29.23,29.26,28.61,28.02,27.96,27.08,26.71,27.98
T2M,2006,Dindigul,10.5,77.5,20.83,22.34,26.57,29.09,27.89,25.67,24.77,24.79,24.62,24.3,22.88,21.13,24.58
T2M,2006,Dindigul,10.5,78.125,21.95,23.3,27.86,30.65,30.1,28.42,28.21,27.83,26.52,26.3,24.25,22.52,26.51
T2M,2006,Tiruchirappalli,10.5,78.75,22.8,24.35,28.51,31.24,30.58,29.62,30.3,29.39,27.15,27.17,25.01,23.58,27.49
T2M,2006,Thanjavur,10.5,79.375,23.75,25.16,28.63,30.85,30.36,30.24,30.85,29.87,27.89,27.74,25.77,24.61,27.99
T2M,2006,Nagapattinam,10.5,80,25.12,25.92,28.08,29.74,29.66,29.59,29.84,29.12,28.18,27.97,26.84,26.36,28.05
T2M,2006,Erode,11,77.5,22.09,23.76,28.32,31.36,29.76,27.63,27.35,27.41,26.73,26.25,24.29,22.88,26.5
T2M,2006,Namakkal,11,78.125,21.92,23.26,28.21,31.24,30.19,28.58,28.88,28.33,26.89,26.58,24.45,22.78,26.79
T2M,2006,Perambalur,11,78.75,22.21,23.78,28.23,31.25,30.29,29.24,30.06,29.12,27.06,26.87,24.63,23.07,27.17
T2M,2006,Cuddalore,11,79.375,23.21,24.51,28.44,31.24,30.67,30.45,31.21,30.18,27.99,27.64,25.41,24.09,27.94
T2M,2006,Bay of Bengal,11,80,24.82,25.51,27.98,29.84,29.84,29.84,30.16,29.45,28.35,28.01,26.65,26.05,28.06
T2M,2006,Coimbatore,11.5,77.5,21.17,22.81,27.44,30.56,29.12,27.17,27.12,27.18,26.23,25.61,23.55,22.05,25.85
T2M,2006,Salem,11.5,78.125,21.31,22.77,27.82,31.03,29.71,28.2,28.69,28.29,26.67,26.13,23.9,22.01,26.4
T2M,2006,Kallakurichi,11.5,78.75,21.41,22.98,27.51,30.62,29.51,28.52,29.33,28.66,26.72,26.23,23.93,22.21,26.49
T2M,2006,Villupuram,11.5,79.375,23.18,24.38,28.22,31.32,30.79,30.44,31.35,30.41,28.23,27.6,25.28,23.87,27.94
T2M,2006,Puducherry,11.5,80,24.7,25.18,27.77,29.69,29.84,29.79,30.17,29.57,28.47,28.01,26.6,25.92,27.99
T2M,2006,Tenkasi,9.5,77.5,20.93,22.76,26.41,28.27,26.89,24.69,23.91,23.77,23.61,23.55,22.86,20.93,24.05
T2M,2006,Madurai,9.5,78.125,23.43,25.6,28.78,31.03,29.78,27.87,27.24,27.27,26.27,26.05,24.9,23.45,26.81
T2M,2006,Sivagangai,9.5,78.75,24.24,25.91,28.55,30.4,29.67,28.86,28.58,28.27,27.06,27.06,25.93,24.75,27.45
T2M,2006,Ramanathapuram,9.5,79.375,25.58,26.43,28.36,29.63,29.34,28.99,28.69,28.29,27.94,27.97,27.16,26.63,27.92
T2M,2006,Rameswaram,9.5,80,25.4,26.27,28.16,29.62,29.2,29.02,28.67,28.24,27.85,27.86,26.94,26.5,27.82
T2M,2007,Theni,10,77.5,20.1,22.63,26.37,27.02,26.63,24.67,23.33,23.01,22.95,22.4,21.28,20.38,23.4
T2M,2007,Dindigul,10,78.125,23.64,26.14,29.61,30.18,30.88,29.01,27.96,27.7,27.41,26.43,24.23,23.22,27.2
T2M,2007,Tiruchirappalli,10,78.75,24.8,26.94,29.57,30.39,31.26,29.97,29.32,28.74,28.49,27.46,25.09,24.17,28.02
T2M,2007,Thanjavur,10,79.375,25.66,26.79,28.52,29.79,30.58,29.97,29.46,28.76,28.81,27.98,26.25,25.34,28.16
T2M,2007,Nagapattinam,10,80,26.02,26.58,27.77,29.13,29.86,29.43,28.8,28.24,28.45,27.9,27.01,26.18,27.95
T2M,2007,Dindigul,10.5,77.5,21.96,24.47,28.34,29.14,27.99,26.19,24.85,24.64,24.72,24.09,22.57,21.73,25.06
T2M,2007,Dindigul,10.5,78.125,23.7,26.11,29.84,30.73,30.78,29.1,27.89,27.5,27.4,26.35,24.06,23.03,27.21
T2M,2007,Tiruchirappalli,10.5,78.75,24.68,26.88,29.87,30.82,31.48,30.22,29.34,28.6,28.43,27.32,24.68,23.76,28.01
T2M,2007,Thanjavur,10.5,79.375,25.19,26.75,28.96,30.31,31.28,30.54,29.93,29.09,28.85,27.84,25.21,24.44,28.21
T2M,2007,Nagapattinam,10.5,80,25.9,26.53,27.74,29.18,30.15,29.85,29.31,28.58,28.6,27.98,26.67,25.86,28.04
T2M,2007,Erode,11,77.5,23.87,26.55,30.44,31.23,29.78,28.07,26.71,26.55,26.65,25.96,23.84,23.12,26.89
T2M,2007,Namakkal,11,78.125,23.99,26.53,30.28,31.28,30.81,29.21,27.85,27.34,27.27,26.4,23.89,23.02,27.32
T2M,2007,Perambalur,11,78.75,23.99,26.28,29.59,30.67,31.14,29.88,28.71,27.9,27.71,26.73,23.98,23.19,27.48
T2M,2007,Cuddalore,11,79.375,24.55,26.34,29.05,30.51,31.74,30.84,29.98,28.93,28.55,27.57,24.68,23.99,28.07
T2M,2007,Bay of Bengal,11,80,25.63,26.41,27.78,29.26,30.46,30.13,29.6,28.76,28.64,27.97,26.44,25.59,28.06
T2M,2007,Coimbatore,11.5,77.5,23.04,25.8,29.5,30.41,29.3,27.54,26.34,25.9,25.8,25.16,22.62,22.2,26.13
T2M,2007,Salem,11.5,78.125,23.25,25.94,29.78,30.8,30.42,28.79,27.56,26.73,26.42,25.71,22.88,22.27,26.71
T2M,2007,Kallakurichi,11.5,78.75,22.94,25.22,28.76,29.89,30.38,29.02,27.99,26.96,26.52,25.7,22.88,22.33,26.55
T2M,2007,Villupuram,11.5,79.375,24.01,25.83,28.8,30.37,31.91,30.93,30.01,28.62,28.1,27.3,24.54,23.88,27.87
T2M,2007,Puducherry,11.5,80,25.27,26.1,27.63,29.2,30.53,30.15,29.65,28.66,28.49,27.89,26.36,25.48,27.96
T2M,2007,Tenkasi,9.5,77.5,21.63,24.33,28.2,27.86,27.13,25.21,23.93,23.79,23.69,23.36,22.6,21.61,24.44
T2M,2007,Madurai,9.5,78.125,24.67,27.39,30.12,30.3,30.77,28.78,27.7,27.73,27.35,26.8,25.02,24.23,27.57
T2M,2007,Sivagangai,9.5,78.75,25.13,27.02,29.14,30.1,30.74,29.57,28.63,28.46,28.33,27.55,25.91,25.05,27.97
T2M,2007,Ramanathapuram,9.5,79.375,26.01,26.73,28.15,29.46,29.95,29.34,28.53,28.16,28.53,27.87,27.16,26.18,28.01
T2M,2007,Rameswaram,9.5,80,25.9,26.67,28.09,29.35,29.83,29.07,28.37,28.05,28.3,27.64,26.91,26.05,27.86
T2M,2008,Theni,10,77.5,21.02,23.25,22.93,25.2,25.79,24.03,23.61,23.51,23.32,23.38,22.07,20.11,23.18
T2M,2008,Dindigul,10,78.125,23.29,26.01,25.81,28.2,29.76,28.9,28.48,27.48,27.39,26.73,24.94,22.5,26.62
T2M,2008,Tiruchirappalli,10,78.75,24.19,26.78,26.78,28.86,30.09,30.05,29.51,28.36,28.27,27.57,25.99,23.72,27.51
T2M,2008,Thanjavur,10,79.375,25,26.96,27.32,29.03,29.84,29.87,29.39,28.65,28.81,28.21,27.11,25.4,27.96
T2M,2008,Nagapattinam,10,80,25.71,26.89,27.35,28.9,29.22,29.24,28.88,28.31,28.76,28.38,27.67,26.49,27.98
T2M,2008,Dindigul,10.5,77.5,21.84,24.45,24.53,27.05,27.3,25.81,25.21,24.93,24.88,24.87,23.36,21.06,24.6
T2M,2008,Dindigul,10.5,78.125,22.84,25.69,25.8,28.52,29.85,28.85,28.25,27.21,27.11,26.57,24.72,22.14,26.46
T2M,2008,Tiruchirappalli,10.5,78.75,23.52,26.31,26.54,29.1,30.48,30.21,29.48,28.16,27.95,27.31,25.61,23.15,27.31
T2M,2008,Thanjavur,10.5,79.375,23.99,26.41,26.85,29.11,30.48,30.28,29.69,28.77,28.68,27.88,26.35,24.31,27.73
T2M,2008,Nagapattinam,10.5,80,25.32,26.7,27.16,28.97,29.61,29.61,29.2,28.56,28.89,28.23,27.41,26.1,27.98
T2M,2008,Erode,11,77.5,22.99,25.99,26.33,28.98,29.39,27.99,27.34,26.78,26.7,26.36,24.61,22.21,26.3
T2M,2008,Namakkal,11,78.125,22.77,25.92,26.16,28.93,30.06,28.95,28.34,27.18,27.02,26.61,24.72,22.05,26.55
T2M,2008,Perambalur,11,78.75,22.85,25.7,26.07,28.83,30.44,29.69,29.04,27.63,27.46,26.78,25.04,22.5,26.83
T2M,2008,Cuddalore,11,79.375,23.4,25.81,26.42,29.05,31.06,30.48,29.93,28.71,28.61,27.61,25.92,23.77,27.56
T2M,2008,Bay of Bengal,11,80,25,26.38,26.96,28.98,29.99,29.85,29.46,28.75,28.99,28.14,27.2,25.79,27.96
T2M,2008,Coimbatore,11.5,77.5,22.15,25.24,25.74,28.34,29.23,27.45,26.74,26.13,25.79,25.3,23.42,21.33,25.57
T2M,2008,Salem,11.5,78.125,22.02,25.37,25.79,28.64,29.95,28.48,27.86,26.71,26.39,25.86,23.87,21.34,26.02
T2M,2008,Kallakurichi,11.5,78.75,22.05,24.91,25.32,28.18,30.05,28.83,28.15,26.86,26.62,25.76,24.02,21.63,26.03
T2M,2008,Villupuram,11.5,79.375,23.25,25.54,26.2,28.94,31.52,30.53,30.06,28.65,28.63,27.38,25.7,23.63,27.5
T2M,2008,Puducherry,11.5,80,24.85,26.06,26.82,28.86,30.18,29.87,29.54,28.77,28.96,28.06,27.08,25.69,27.9
T2M,2008,Tenkasi,9.5,77.5,22.74,25.05,24.13,25.77,26.27,24.76,24.49,24.33,24.07,24.28,23.22,21.51,24.21
T2M,2008,Madurai,9.5,78.125,24.72,27.42,26.64,28.31,29.45,28.82,28.64,27.84,27.74,27.46,25.83,23.69,27.21
T2M,2008,Sivagangai,9.5,78.75,25.18,27.34,27.22,28.75,29.71,29.42,29.14,28.41,28.54,28.06,26.8,24.82,27.78
T2M,2008,Ramanathapuram,9.5,79.375,25.82,27.16,27.59,28.95,29.38,29.29,28.8,28.3,28.65,28.43,27.76,26.41,28.04
T2M,2008,Rameswaram,9.5,80,25.66,26.84,27.28,28.6,28.95,28.92,28.58,28.13,28.65,28.4,27.62,26.35,27.83
T2M,2009,Theni,10,77.5,20.45,23.03,25.66,27.43,26.66,24.28,23.36,23.85,24.14,24.59,22.04,21.39,23.91
T2M,2009,Dindigul,10,78.125,22.86,25.5,28.53,30.81,31.3,29.6,28.95,28.88,28.91,29.01,24.84,23.69,27.75
T2M,2009,Tiruchirappalli,10,78.75,23.97,26.22,28.84,30.82,31.57,30.88,30.39,30.09,29.88,29.67,25.87,24.58,28.58
T2M,2009,Thanjavur,10,79.375,25.16,26.45,28.33,30.02,30.56,30.31,29.97,29.73,29.63,29.23,27.04,25.76,28.52
T2M,2009,Nagapattinam,10,80,26.03,26.42,27.96,29.46,29.66,29.14,28.99,28.89,28.92,28.68,27.58,26.68,28.21
T2M,2009,Dindigul,10.5,77.5,21.49,24.17,27.41,29.18,27.62,25.81,24.84,25.39,25.52,26.27,23.42,22.65,25.32
T2M,2009,Dindigul,10.5,78.125,22.32,25.02,28.45,30.97,30.93,29.43,28.55,28.45,28.49,28.6,24.81,23.49,27.47
T2M,2009,Tiruchirappalli,10.5,78.75,23.29,25.71,28.77,31.08,31.8,31.04,30.24,29.82,29.68,29.42,25.58,24.22,28.4
T2M,2009,Thanjavur,10.5,79.375,24.03,25.87,28.18,30.24,31.2,31.22,30.63,30.18,30.06,29.51,26.32,24.94,28.54
T2M,2009,Nagapattinam,10.5,80,25.63,26.21,27.77,29.41,29.97,29.73,29.51,29.27,29.36,28.89,27.34,26.41,28.3
T2M,2009,Erode,11,77.5,22.87,25.82,29.28,31.27,29.43,27.78,26.98,27.43,27.34,27.96,24.91,24.27,27.11
T2M,2009,Namakkal,11,78.125,22.34,25.29,28.74,31.35,30.85,29.33,28.53,28.39,28.28,28.37,24.94,23.75,27.52
T2M,2009,Perambalur,11,78.75,22.72,25.21,28.37,30.88,31.5,30.38,29.63,29.09,29.01,28.54,25.12,23.8,27.87
T2M,2009,Cuddalore,11,79.375,23.5,25.32,27.93,30.32,31.71,31.66,30.88,30,30.07,29.4,25.96,24.51,28.45
T2M,2009,Bay of Bengal,11,80,25.3,25.93,27.63,29.44,30.27,30.3,29.9,29.45,29.65,29.06,27.19,26.18,28.37
T2M,2009,Coimbatore,11.5,77.5,22.03,25.2,28.47,30.71,29.32,27.17,26.64,26.9,26.78,26.65,24.15,23.6,26.47
T2M,2009,Salem,11.5,78.125,21.73,24.94,28.34,30.93,30.63,28.7,28.35,27.75,27.65,27.18,24.37,23.34,27
T2M,2009,Kallakurichi,11.5,78.75,21.94,24.55,27.56,30.21,30.96,29.32,28.95,28.08,28.03,27.18,24.38,23.14,27.03
T2M,2009,Villupuram,11.5,79.375,23.48,25.21,27.75,30.34,32.12,31.74,31.1,29.54,29.74,28.98,25.86,24.35,28.36
T2M,2009,Puducherry,11.5,80,25.19,25.71,27.47,29.39,30.42,30.59,30.08,29.32,29.58,28.97,27.2,26.05,28.34
T2M,2009,Tenkasi,9.5,77.5,22.13,24.81,27.1,28.48,27.53,25.02,24.13,24.79,24.88,25.62,23.27,22.79,25.04
T2M,2009,Madurai,9.5,78.125,24.37,26.99,29.23,31.15,31.25,29.17,28.71,29.21,29.14,29.79,25.57,24.69,28.28
T2M,2009,Sivagangai,9.5,78.75,25.08,26.8,28.9,30.5,30.92,29.82,29.5,29.7,29.58,29.49,26.51,25.41,28.53
T2M,2009,Ramanathapuram,9.5,79.375,26.11,26.65,28.37,29.8,29.86,29.11,28.79,28.87,28.88,28.76,27.61,26.56,28.29
T2M,2009,Rameswaram,9.5,80,25.95,26.48,28.18,29.59,29.46,28.84,28.6,28.54,28.56,28.61,27.44,26.56,28.07
T2M,2010,Theni,10,77.5,21.82,24.05,27.23,28,26.76,24.45,23.41,23.72,23.58,23.07,21.81,20.36,24.02
T2M,2010,Dindigul,10,78.125,24.13,26.39,30.16,31.89,30.51,28.89,27.99,28.38,27.78,26.9,24.64,23.06,27.56
T2M,2010,Tiruchirappalli,10,78.75,24.73,26.64,30.13,31.82,31.31,29.92,29.38,29.49,28.61,27.43,25.54,23.99,28.25
T2M,2010,Thanjavur,10,79.375,25.3,26.37,29.19,30.8,31.02,29.99,29.66,29.34,28.56,27.95,26.75,25.35,28.37
T2M,2010,Nagapattinam,10,80,26.1,26.49,28.72,30.3,30.42,29.48,29.21,28.9,28.33,28.2,27.24,26.21,28.31
T2M,2010,Dindigul,10.5,77.5,23.15,25.51,28.86,29.91,28.15,25.92,24.77,25.04,25.07,24.69,23.05,21.39,25.45
T2M,2010,Dindigul,10.5,78.125,24.06,26.19,30.29,32.25,30.43,28.6,27.59,27.79,27.35,26.89,24.55,22.88,27.41
T2M,2010,Tiruchirappalli,10.5,78.75,24.35,26.36,30.23,32.37,31.32,29.68,28.98,29.08,28.26,27.54,25.25,23.62,28.09
T2M,2010,Thanjavur,10.5,79.375,24.34,25.89,29.32,31.37,31.48,30.09,29.59,29.32,28.36,27.79,26.06,24.46,28.18
T2M,2010,Nagapattinam,10.5,80,25.73,26.26,28.65,30.31,30.72,29.69,29.32,29.04,28.44,28.35,27.04,25.9,28.3
T2M,2010,Erode,11,77.5,24.94,27.43,30.8,31.92,29.86,27.78,26.54,26.88,26.85,26.43,24.37,22.69,27.2
T2M,2010,Namakkal,11,78.125,24.48,26.76,30.7,32.74,30.44,28.46,27.41,27.56,27.17,26.85,24.63,22.86,27.5
T2M,2010,Perambalur,11,78.75,23.96,25.98,29.94,32.33,30.8,28.97,28.11,28.17,27.51,27.12,24.78,23.06,27.56
T2M,2010,Cuddalore,11,79.375,23.91,25.44,29.3,31.76,31.57,29.97,29.22,29.07,28,27.69,25.69,23.98,27.98
T2M,2010,Bay of Bengal,11,80,25.46,26,28.58,30.38,30.95,29.81,29.28,29.08,28.42,28.38,26.9,25.68,28.25
T2M,2010,Coimbatore,11.5,77.5,24.32,26.81,30.12,31.1,29.35,27.12,25.89,26.21,25.93,25.55,23.53,21.93,26.48
T2M,2010,Salem,11.5,78.125,24.08,26.66,30.3,32.37,30.09,27.84,26.72,26.85,26.31,26.01,24,22.18,26.95
T2M,2010,Kallakurichi,11.5,78.75,23.38,25.4,29.28,31.65,30.1,28.05,27.09,27.06,26.39,26.06,23.98,22.22,26.72
T2M,2010,Villupuram,11.5,79.375,23.96,25.31,29.22,31.85,31.49,29.83,28.98,28.88,27.82,27.59,25.58,23.84,27.87
T2M,2010,Puducherry,11.5,80,25.42,25.76,28.36,30.31,30.96,29.79,29.17,29.06,28.42,28.38,26.94,25.65,28.2
T2M,2010,Tenkasi,9.5,77.5,23.24,25.61,28.74,28.61,27.32,25.34,24.39,24.8,24.77,23.93,23.06,21.78,25.13
T2M,2010,Madurai,9.5,78.125,25.14,27.53,30.71,31.98,30.63,29.23,28.43,29,28.59,27.16,25.47,23.9,28.15
T2M,2010,Sivagangai,9.5,78.75,25.54,27.03,29.86,31.19,31.14,29.91,29.25,29.33,28.79,27.59,26.24,24.79,28.39
T2M,2010,Ramanathapuram,9.5,79.375,26.18,26.72,28.98,30.32,30.57,29.63,29.14,28.84,28.33,28.05,27.3,26.1,28.35
T2M,2010,Rameswaram,9.5,80,25.99,26.48,28.86,30.4,30.22,29.27,28.98,28.61,28.03,27.81,27.09,26.05,28.16
T2M,2011,Theni,10,77.5,20.12,22.23,25.11,26.51,26.51,24.24,23.43,23.81,24.04,23.58,21.65,20.86,23.51
T2M,2011,Dindigul,10,78.125,22.57,24.75,28.23,29.96,30.61,29.29,28.5,28.69,28.69,26.44,24.28,23.43,27.13
T2M,2011,Tiruchirappalli,10,78.75,23.55,25.38,28.66,30.04,30.97,30.55,29.95,29.94,29.77,27.32,25.31,24.23,27.98
T2M,2011,Thanjavur,10,79.375,24.88,25.95,28.42,29.54,30.3,30.37,30.08,29.75,29.61,28.28,26.7,25.56,28.3
T2M,2011,Nagapattinam,10,80,25.77,26.33,27.91,28.99,29.56,29.62,29.55,28.98,28.93,28.44,27.51,26.65,28.2
T2M,2011,Dindigul,10.5,77.5,21.36,23.56,26.73,28.18,27.74,25.52,24.67,25.08,25.34,24.77,22.64,21.87,24.79
T2M,2011,Dindigul,10.5,78.125,22.25,24.45,28,30.13,30.47,28.84,27.79,28.07,27.95,26.07,23.92,22.93,26.75
T2M,2011,Tiruchirappalli,10.5,78.75,23.12,25.07,28.56,30.34,31.16,30.44,29.35,29.43,29.13,26.88,24.81,23.72,27.68
T2M,2011,Thanjavur,10.5,79.375,24.04,25.28,28.37,29.87,31.1,30.9,30.09,29.96,29.62,27.76,25.8,24.58,28.13
T2M,2011,Nagapattinam,10.5,80,25.54,26.14,27.82,29.06,30.07,30.08,29.75,29.34,29.15,28.4,27.24,26.35,28.26
T2M,2011,Erode,11,77.5,22.85,25.15,28.85,30.12,29.37,27.44,26.69,27.07,27.31,26.22,23.75,23.2,26.51
T2M,2011,Namakkal,11,78.125,22.28,24.67,28.51,30.49,30.34,28.93,27.62,27.89,27.68,26.06,23.83,22.88,26.77
T2M,2011,Perambalur,11,78.75,22.58,24.66,28.28,30.13,30.74,29.99,28.45,28.56,28.27,26.37,24.2,23.15,27.12
T2M,2011,Cuddalore,11,79.375,23.61,24.86,28.06,29.99,31.48,31.29,29.73,29.72,29.26,27.42,25.31,24.12,27.92
T2M,2011,Bay of Bengal,11,80,25.35,25.87,27.59,29.07,30.42,30.47,29.71,29.49,29.18,28.33,27.02,26.09,28.23
T2M,2011,Coimbatore,11.5,77.5,22.12,24.26,28.28,29.44,28.94,27.16,26.39,26.6,26.91,25.46,22.85,22.43,25.91
T2M,2011,Salem,11.5,78.125,21.62,24,28.13,30.03,29.81,28.86,27.26,27.31,27.26,25.59,23.14,22.3,26.28
T2M,2011,Kallakurichi,11.5,78.75,21.81,23.88,27.52,29.37,30,29.46,27.68,27.62,27.51,25.66,23.36,22.45,26.37
T2M,2011,Villupuram,11.5,79.375,23.52,24.77,27.75,29.86,31.51,31.67,29.53,29.4,28.94,27.31,25.12,24,27.79
T2M,2011,Puducherry,11.5,80,25.28,25.64,27.23,28.93,30.43,30.72,29.55,29.37,28.94,28.26,26.97,25.97,28.12
T2M,2011,Tenkasi,9.5,77.5,21.66,23.98,26.92,27.9,27.31,25.4,24.69,24.91,25.14,24.85,23.11,22.49,24.86
T2M,2011,Madurai,9.5,78.125,23.78,26.15,29.56,30.42,30.78,29.73,29.14,29.2,29.35,27.48,25.32,24.56,27.96
T2M,2011,Sivagangai,9.5,78.75,24.4,26.03,28.79,29.75,30.61,30.15,29.79,29.75,29.82,28.05,26.22,25.15,28.22
T2M,2011,Ramanathapuram,9.5,79.375,25.64,26.41,28.23,29.21,29.66,29.62,29.35,28.97,29.05,28.52,27.46,26.5,28.23
T2M,2011,Rameswaram,9.5,80,25.58,26.16,27.79,28.83,29.15,29.26,29.11,28.58,28.75,28.23,27.31,26.46,27.94
T2M,2012,Theni,10,77.5,21.24,23.26,27.02,27.07,25.81,24.43,24.41,24.13,24.52,23.53,22.81,22.54,24.23
T2M,2012,Dindigul,10,78.125,23.81,26.27,30.15,30.23,29.69,29.14,29.75,28.83,29.05,26.49,25.26,25.19,27.82
T2M,2012,Tiruchirappalli,10,78.75,24.56,26.76,30.17,30.53,30.23,30.12,30.98,29.97,29.94,27.24,25.81,25.85,28.52
T2M,2012,Thanjavur,10,79.375,25.19,26.73,29.14,30.02,30.18,30.03,30.34,29.67,29.62,27.83,26.65,26.14,28.46
T2M,2012,Nagapattinam,10,80,25.85,26.78,28.59,29.62,29.62,29.45,29.51,28.93,28.9,28.01,27.39,26.75,28.29
T2M,2012,Dindigul,10.5,77.5,22.3,24.4,28.82,29.05,27.09,25.76,25.7,25.46,25.79,24.86,24.08,23.73,25.59
T2M,2012,Dindigul,10.5,78.125,23.46,25.73,30.34,30.65,29.48,28.51,28.7,28.24,28.3,26.28,24.87,25.04,27.47
T2M,2012,Tiruchirappalli,10.5,78.75,24.01,26.39,30.45,31,30.19,29.74,30.07,29.47,29.36,26.91,25.31,25.53,28.21
T2M,2012,Thanjavur,10.5,79.375,24.32,26.5,29.57,30.69,30.7,30.38,30.47,29.89,29.67,27.39,25.67,25.52,28.4
T2M,2012,Nagapattinam,10.5,80,25.59,26.71,28.61,29.72,29.98,29.8,29.79,29.18,29.02,27.96,27.03,26.53,28.33
T2M,2012,Erode,11,77.5,23.77,26.2,30.87,31.24,28.98,27.78,27.96,27.5,27.47,26.19,25.16,25.16,27.36
T2M,2012,Namakkal,11,78.125,23.63,25.95,30.83,31.35,29.42,28.49,28.54,28.06,27.92,26.18,24.56,25.06,27.5
T2M,2012,Perambalur,11,78.75,23.42,25.76,30.26,31.01,29.8,29.15,29.15,28.68,28.41,26.32,24.61,24.9,27.63
T2M,2012,Cuddalore,11,79.375,23.76,25.99,29.79,31,30.93,30.51,30.28,29.72,29.33,27.13,25.17,25.13,28.23
T2M,2012,Bay of Bengal,11,80,25.29,26.5,28.63,29.81,30.32,30.09,29.91,29.28,29.07,27.96,26.73,26.32,28.33
T2M,2012,Coimbatore,11.5,77.5,23.07,25.79,30.21,30.77,28.9,27.6,27.75,27.07,26.78,25.23,24,24.17,26.78
T2M,2012,Salem,11.5,78.125,23.1,25.65,30.44,31.13,29.29,28.36,28.34,27.56,27.17,25.44,23.68,24.16,27.03
T2M,2012,Kallakurichi,11.5,78.75,22.71,24.93,29.55,30.35,29.47,28.7,28.63,27.86,27.34,25.47,23.73,23.93,26.89
T2M,2012,Villupuram,11.5,79.375,23.56,25.47,29.67,30.87,31.24,30.84,30.24,29.52,28.97,27.05,25.07,24.93,28.12
T2M,2012,Puducherry,11.5,80,25.11,26.07,28.41,29.67,30.47,30.24,29.76,29.14,28.9,27.99,26.61,26.16,28.22
T2M,2012,Tenkasi,9.5,77.5,22.87,25.16,28.32,27.78,26.52,25.44,25.55,25.26,25.5,24.71,23.85,24,25.41
T2M,2012,Madurai,9.5,78.125,25.03,27.63,30.53,30.58,29.65,29.76,30.39,29.27,29.83,27.34,26.05,25.96,28.5
T2M,2012,Sivagangai,9.5,78.75,25.43,27.1,29.77,30.23,30.09,30.03,30.73,29.73,30.03,27.78,26.58,26.36,28.66
T2M,2012,Ramanathapuram,9.5,79.375,25.95,26.88,28.76,29.57,29.63,29.33,29.53,28.88,29.12,28.08,27.48,26.7,28.33
T2M,2012,Rameswaram,9.5,80,25.64,26.64,28.7,29.63,29.48,29.21,29.24,28.74,28.83,27.84,27.25,26.61,28.15
T2M,2013,Theni,10,77.5,22.87,23.86,26.23,29.03,27.05,23.96,23.15,23.66,23.66,23.6,22.45,21.2,24.22
T2M,2013,Dindigul,10,78.125,25.68,27.12,29.14,32.17,31.53,29.34,29.15,28.45,27.76,27.33,25.37,23.76,28.07
T2M,2013,Tiruchirappalli,10,78.75,26.19,27.52,29.26,32.03,31.74,30.78,30.71,29.62,28.65,28.15,26.26,24.58,28.79
T2M,2013,Thanjavur,10,79.375,26.21,27.16,28.58,30.8,30.76,30.6,30.37,29.48,28.82,28.56,27.13,25.51,28.67
T2M,2013,Nagapattinam,10,80,26.47,26.94,28.08,30.05,29.93,29.63,29.24,28.83,28.49,28.37,27.6,26.23,28.33
T2M,2013,Dindigul,10.5,77.5,24.26,25.36,28.05,30.75,28.45,25.23,24.53,25.05,25.14,25.01,23.97,22.5,25.69
T2M,2013,Dindigul,10.5,78.125,25.52,27.08,29.49,32.47,31.47,28.53,28.38,27.93,27.33,27.06,25.17,23.59,27.84
T2M,2013,Tiruchirappalli,10.5,78.75,25.97,27.51,29.61,32.6,32.09,30.17,30.18,29.21,28.21,27.88,25.79,24.25,28.63
T2M,2013,Thanjavur,10.5,79.375,25.85,27.19,28.94,31.65,31.52,30.79,30.64,29.66,28.56,28.32,26.4,24.69,28.69
T2M,2013,Nagapattinam,10.5,80,26.41,27,28.19,30.26,30.36,30.07,29.65,29.05,28.6,28.43,27.36,25.92,28.45
T2M,2013,Erode,11,77.5,26.03,27.1,29.98,32.72,30.34,27.2,26.63,27.16,26.8,26.61,25.46,24.08,27.51
T2M,2013,Namakkal,11,78.125,25.75,27.36,29.96,32.97,31.6,28.21,28.05,27.96,26.93,26.94,25.24,23.8,27.9
T2M,2013,Perambalur,11,78.75,25.37,27.07,29.43,32.57,31.96,29.1,29.15,28.64,27.33,27.27,25.19,23.74,28.07
T2M,2013,Cuddalore,11,79.375,25.46,27.1,29.08,32.17,32.2,30.44,30.38,29.53,28.1,27.97,25.95,24.26,28.56
T2M,2013,Bay of Bengal,11,80,26.21,26.91,28.21,30.36,30.75,30.19,29.78,29.14,28.56,28.4,27.14,25.66,28.45
T2M,2013,Coimbatore,11.5,77.5,25.05,26.28,29.27,32.1,29.87,26.85,26.29,26.68,25.81,25.71,24.4,23.13,26.79
T2M,2013,Salem,11.5,78.125,24.94,26.72,29.4,32.56,31.31,27.73,27.47,27.49,26.03,26.12,24.48,23.18,27.29
T2M,2013,Kallakurichi,11.5,78.75,24.3,26.1,28.54,31.88,31.47,28.15,28.05,27.81,26.16,26.19,24.29,22.93,27.16
T2M,2013,Villupuram,11.5,79.375,25.08,26.8,28.81,32.19,32.65,30.12,29.97,29.32,27.75,27.7,25.76,24.22,28.37
T2M,2013,Puducherry,11.5,80,25.93,26.66,28.05,30.3,30.97,30.08,29.58,29,28.42,28.31,27,25.59,28.33
T2M,2013,Tenkasi,9.5,77.5,24.62,25.43,27.29,29.78,27.52,24.94,24.12,24.67,24.58,24.5,23.66,22.69,25.31
T2M,2013,Madurai,9.5,78.125,26.7,27.92,29.46,32.36,31.28,29.62,29.26,28.94,28.31,27.95,26.29,24.78,28.57
T2M,2013,Sivagangai,9.5,78.75,26.59,27.58,29.02,31.3,31.05,30.27,30.01,29.55,28.89,28.47,27.05,25.34,28.76
T2M,2013,Ramanathapuram,9.5,79.375,26.53,27.14,28.34,30.16,30.1,29.6,29.22,28.83,28.6,28.42,27.74,26.25,28.41
T2M,2013,Rameswaram,9.5,80,26.14,26.67,27.8,29.7,29.48,29.02,28.69,28.58,28.17,28.14,27.48,26.12,28
T2M,2014,Theni,10,77.5,21.79,24.02,25.88,28.27,25.82,25.29,24.07,23.45,23.82,23.07,21.46,21.05,23.99
T2M,2014,Dindigul,10,78.125,24.47,26.78,29.03,31.29,29.08,29.72,29.56,28.1,28.22,26.51,24.1,23.61,27.54
T2M,2014,Tiruchirappalli,10,78.75,25.34,27.22,29.24,31.26,29.58,30.72,31.11,29.24,29.31,27.29,25,24.45,28.31
T2M,2014,Thanjavur,10,79.375,25.69,26.77,28.56,30.37,29.99,30.76,30.85,29.45,29.4,28.15,26.41,25.42,28.49
T2M,2014,Nagapattinam,10,80,25.9,26.47,28.03,29.79,29.71,30.05,29.99,28.89,28.84,28.27,27.31,26.2,28.29
T2M,2014,Dindigul,10.5,77.5,23.09,25.48,27.53,30.29,27.39,26.71,25.39,24.93,25.54,24.61,22.83,22.57,25.52
T2M,2014,Dindigul,10.5,78.125,24.38,26.72,29.07,31.75,29.38,29.54,28.73,27.9,28.12,26.54,24.08,23.77,27.5
T2M,2014,Tiruchirappalli,10.5,78.75,25.13,27.18,29.36,31.78,29.92,30.65,30.46,29.13,29.28,27.29,24.77,24.39,28.28
T2M,2014,Thanjavur,10.5,79.375,25.42,26.77,28.86,30.97,30.26,31.17,30.94,29.65,29.71,27.91,25.48,24.69,28.49
T2M,2014,Nagapattinam,10.5,80,25.85,26.44,28,29.75,29.92,30.43,30.27,29.18,29.04,28.31,26.93,25.95,28.35
T2M,2014,Erode,11,77.5,24.96,27.27,29.37,32.36,29.19,28.61,27.48,26.88,27.77,26.1,24.38,24.4,27.39
T2M,2014,Namakkal,11,78.125,24.78,27.13,29.32,32.42,29.71,29.47,28.67,27.9,28.34,26.58,24.31,24.23,27.73
T2M,2014,Perambalur,11,78.75,24.64,26.73,28.93,31.79,29.81,30.05,29.65,28.61,28.82,26.84,24.38,24.08,27.86
T2M,2014,Cuddalore,11,79.375,25.13,26.67,28.85,31.36,30.43,31.13,30.85,29.58,29.5,27.69,25.04,24.32,28.38
T2M,2014,Bay of Bengal,11,80,25.73,26.33,27.99,29.87,30.08,30.62,30.41,29.32,29.01,28.29,26.66,25.75,28.35
T2M,2014,Coimbatore,11.5,77.5,24.18,26.46,28.55,31.76,28.81,28.18,27.04,26.4,27.15,25.14,23.53,23.77,26.74
T2M,2014,Salem,11.5,78.125,24.25,26.64,28.75,32.11,29.47,29.08,28.37,27.44,27.79,25.83,23.64,23.71,27.25
T2M,2014,Kallakurichi,11.5,78.75,23.69,25.82,28,31.18,29.32,29.42,28.91,27.76,27.88,25.83,23.55,23.29,27.05
T2M,2014,Villupuram,11.5,79.375,24.94,26.52,28.67,31.37,30.44,31.11,30.94,29.4,29.02,27.38,24.88,24.18,28.24
T2M,2014,Puducherry,11.5,80,25.58,26.15,27.9,29.82,30.08,30.58,30.42,29.27,28.73,28.2,26.58,25.65,28.26
T2M,2014,Tenkasi,9.5,77.5,23.56,25.71,27.4,29.03,26.41,26.15,25.29,24.38,24.68,24.03,22.81,22.37,25.14
T2M,2014,Madurai,9.5,78.125,25.56,27.82,29.61,31.62,29.1,29.73,30.14,28.34,28.68,26.96,24.94,24.39,28.07
T2M,2014,Sivagangai,9.5,78.75,25.86,27.28,29.11,30.81,29.63,30.38,30.72,29.06,29.21,27.67,25.78,25.08,28.38
T2M,2014,Ramanathapuram,9.5,79.375,25.96,26.7,28.31,29.98,29.86,30.03,29.92,28.82,28.84,28.34,27.28,26.13,28.35
T2M,2014,Rameswaram,9.5,80,25.73,26.51,28.31,30.14,29.44,29.7,29.53,28.56,28.6,28.06,27.22,26.12,28.17
T2M,2015,Theni,10,77.5,21.34,22.79,25.84,25.94,25.29,23.99,24.27,24.6,24.54,23.44,22.06,21.23,23.78
T2M,2015,Dindigul,10,78.125,24.01,25.87,28.91,28.69,28.44,27.98,28.71,29.02,28.42,26.73,24.85,23.82,27.13
T2M,2015,Tiruchirappalli,10,78.75,24.66,26.44,29.3,29.57,28.76,28.8,29.98,30.06,29.28,27.35,25.73,24.81,27.9
T2M,2015,Thanjavur,10,79.375,25.22,26.47,28.59,29.69,29.38,29.55,30.16,29.99,29.39,28.33,26.9,26.27,28.34
T2M,2015,Nagapattinam,10,80,25.85,26.46,28.05,29.27,29.48,29.47,29.41,29.32,28.87,28.59,27.44,27.16,28.29
T2M,2015,Dindigul,10.5,77.5,22.78,24.47,27.55,27.83,26.77,25.48,25.65,26.13,26.13,25.13,23.27,22.36,25.3
T2M,2015,Dindigul,10.5,78.125,24.12,25.86,29.15,29.16,28.64,28.03,28.6,28.91,28.54,26.8,24.71,23.72,27.19
T2M,2015,Tiruchirappalli,10.5,78.75,24.6,26.39,29.58,29.87,29.04,28.77,29.86,29.96,29.32,27.16,25.32,24.29,27.85
T2M,2015,Thanjavur,10.5,79.375,24.5,26.23,28.93,30,29.5,29.47,30.51,30.31,29.69,27.93,26.16,25.32,28.22
T2M,2015,Nagapattinam,10.5,80,25.5,26.34,28.06,29.31,29.56,29.59,29.74,29.54,29.06,28.52,27.21,26.82,28.28
T2M,2015,Erode,11,77.5,24.61,26.51,29.42,29.62,28.35,27.34,27.86,28.38,28.08,26.92,24.56,23.79,27.12
T2M,2015,Namakkal,11,78.125,24.57,26.4,29.58,29.7,28.68,27.99,28.87,29.23,28.89,27.09,24.77,23.94,27.48
T2M,2015,Perambalur,11,78.75,24.2,25.93,29.34,29.71,28.87,28.31,29.46,29.58,28.91,26.8,24.77,23.63,27.47
T2M,2015,Cuddalore,11,79.375,24.11,25.9,29.06,30.09,29.78,29.45,30.63,30.4,29.63,27.74,25.76,24.8,28.12
T2M,2015,Bay of Bengal,11,80,25.2,26.18,28.1,29.37,29.73,29.67,29.96,29.64,29.13,28.43,27.05,26.52,28.26
T2M,2015,Coimbatore,11.5,77.5,23.93,25.72,28.51,28.77,27.63,26.77,27.62,27.86,27.41,26.03,23.56,23.06,26.41
T2M,2015,Salem,11.5,78.125,24.01,25.93,28.99,29.35,28.14,27.41,28.62,28.84,28.4,26.6,24.14,23.44,26.99
T2M,2015,Kallakurichi,11.5,78.75,23.32,24.99,28.51,29.09,28.34,27.67,28.98,28.78,28.04,26.1,23.95,22.74,26.72
T2M,2015,Villupuram,11.5,79.375,23.94,25.57,28.91,29.95,30.03,29.63,30.91,30.25,29.34,27.67,25.6,24.57,28.04
T2M,2015,Puducherry,11.5,80,25.04,25.92,27.99,29.32,29.9,29.83,30.08,29.61,29.06,28.42,27.04,26.39,28.23
T2M,2015,Tenkasi,9.5,77.5,22.55,24.51,27.41,26.74,26,24.95,25.38,25.83,25.58,24.67,23.4,22.59,24.97
T2M,2015,Madurai,9.5,78.125,24.78,27.02,29.49,29.03,28.48,28.02,28.88,29.46,28.87,27.48,25.65,24.7,27.66
T2M,2015,Sivagangai,9.5,78.75,25.17,26.7,29.04,29.52,28.96,28.94,29.8,29.91,29.24,27.98,26.49,25.74,28.13
T2M,2015,Ramanathapuram,9.5,79.375,25.98,26.65,28.36,29.48,29.56,29.51,29.5,29.36,28.92,28.69,27.51,27.13,28.4
T2M,2015,Rameswaram,9.5,80,25.74,26.32,28.03,29.21,29.2,29.06,29.03,28.98,28.56,28.36,27.3,27.03,28.08
T2M,2016,Theni,10,77.5,21.03,23.74,27.25,29.06,26.81,24.42,23.97,24.04,23.99,24.61,23.28,22.65,24.57
T2M,2016,Dindigul,10,78.125,23.44,26.46,30.14,32.12,30.47,28.74,28.68,28.63,28.74,28.7,26.18,25.38,28.14
T2M,2016,Tiruchirappalli,10,78.75,23.84,26.84,30.14,32.38,30.99,29.9,30.02,30.22,30.37,29.67,27.02,26.12,28.96
T2M,2016,Thanjavur,10,79.375,25.35,27.2,29.33,31.31,30.71,30.16,29.96,30.28,30,29.31,27.35,26.28,28.94
T2M,2016,Nagapattinam,10,80,26.45,27.38,28.74,30.76,30.39,29.64,29.28,29.59,29.33,28.81,27.62,26.47,28.71
T2M,2016,Dindigul,10.5,77.5,22.3,25.19,29.11,31.03,28.31,25.81,25.2,25.34,25.36,25.92,24.99,24.09,26.05
T2M,2016,Dindigul,10.5,78.125,23.42,26.43,30.29,32.57,30.43,28.69,28.29,28.36,28.45,28.55,26.5,25.48,28.12
T2M,2016,Tiruchirappalli,10.5,78.75,23.23,26.36,30.13,32.92,31.16,29.7,29.62,29.74,29.9,29.37,26.93,25.97,28.75
T2M,2016,Thanjavur,10.5,79.375,24.16,26.59,29.52,32,30.96,30.01,29.99,30.28,30.05,29.39,26.94,25.92,28.82
T2M,2016,Nagapattinam,10.5,80,25.99,27.15,28.67,30.67,30.38,29.58,29.43,29.69,29.41,28.88,27.49,26.38,28.64
T2M,2016,Erode,11,77.5,23.93,27.14,31.14,33.27,30.21,27.69,27.27,27.62,27.82,28.02,26.92,25.62,28.05
T2M,2016,Namakkal,11,78.125,23.85,27.01,30.81,33.27,30.67,28.7,28.42,28.68,28.98,28.98,27,25.66,28.5
T2M,2016,Perambalur,11,78.75,22.65,25.86,29.92,32.97,30.89,29.09,28.94,29.12,29.26,28.74,26.52,25.4,28.28
T2M,2016,Cuddalore,11,79.375,23.61,26.16,29.57,32.42,31.12,29.68,29.74,30.07,29.74,29.08,26.68,25.59,28.62
T2M,2016,Bay of Bengal,11,80,25.61,26.83,28.57,30.68,30.33,29.35,29.34,29.6,29.3,28.86,27.37,26.23,28.51
T2M,2016,Coimbatore,11.5,77.5,23.24,26.66,30.3,32.85,29.76,27.18,26.95,27.31,27.41,27.51,26.11,24.56,27.48
T2M,2016,Salem,11.5,78.125,23.41,26.79,30.39,33.1,30.41,28.07,28.05,28.36,28.56,28.41,26.51,24.78,28.07
T2M,2016,Kallakurichi,11.5,78.75,21.9,25.17,29.25,32.45,30.31,28.14,28.11,28.33,28.27,27.64,25.57,24.22,27.45
T2M,2016,Villupuram,11.5,79.375,23.62,26.09,29.45,32.42,31.16,29.47,29.54,29.89,29.45,28.69,26.62,25.18,28.47
T2M,2016,Puducherry,11.5,80,25.45,26.54,28.28,30.49,30.33,29.32,29.23,29.46,29.15,28.75,27.27,26.04,28.36
T2M,2016,Tenkasi,9.5,77.5,22.31,25.04,28.58,29.97,27.74,25.33,25.08,25.39,25.52,26.06,24.44,24.07,25.79
T2M,2016,Madurai,9.5,78.125,24.32,27.45,30.7,32.39,30.83,28.87,29.05,29.2,29.71,29.64,26.68,26.13,28.75
T2M,2016,Sivagangai,9.5,78.75,24.89,27.41,29.96,31.71,30.84,29.97,29.8,30.21,30.41,29.71,27.41,26.59,29.08
T2M,2016,Ramanathapuram,9.5,79.375,26.41,27.55,29.14,30.73,30.55,29.95,29.34,29.66,29.33,28.8,27.63,26.64,28.81
T2M,2016,Rameswaram,9.5,80,26.34,27.28,28.98,31.13,30.22,29.23,28.84,29.22,28.97,28.72,27.44,26.31,28.56
T2M,2017,Theni,10,77.5,21.96,22.97,25.14,29.03,26.7,24.35,24.4,23.65,23.38,23.13,22.11,20.88,23.98
T2M,2017,Dindigul,10,78.125,24.95,25.67,28.4,32.78,30.29,28.54,29.1,27.88,26.64,26.63,25.01,23.75,27.48
T2M,2017,Tiruchirappalli,10,78.75,25.66,26.11,29,32.46,31.32,30.18,31.09,29.18,27.78,28.01,25.94,24.83,28.48
T2M,2017,Thanjavur,10,79.375,25.8,26.19,28.53,30.83,30.88,30.47,30.76,29.56,28.72,28.85,26.89,25.91,28.63
T2M,2017,Nagapattinam,10,80,25.94,26.22,28.08,29.97,30.21,29.79,29.95,29.29,28.71,28.75,27.51,26.71,28.44
T2M,2017,Dindigul,10.5,77.5,23.41,24.4,26.75,30.7,27.83,25.79,25.67,24.95,24.68,24.47,23.53,22.15,25.36
T2M,2017,Dindigul,10.5,78.125,24.92,25.7,28.46,32.87,30.11,28.57,28.9,27.69,26.54,26.53,25.03,23.63,27.42
T2M,2017,Tiruchirappalli,10.5,78.75,25.46,25.93,29.13,33,31.36,30.2,30.9,28.84,27.57,27.67,25.58,24.29,28.34
T2M,2017,Thanjavur,10.5,79.375,25.47,25.86,28.71,31.67,31.47,30.87,31.16,29.34,28.48,28.5,26.09,24.89,28.56
T2M,2017,Nagapattinam,10.5,80,25.86,26.06,28.03,30.08,30.44,30.14,30.21,29.31,28.75,28.67,27.27,26.33,28.44
T2M,2017,Erode,11,77.5,25.17,26.17,28.65,32.69,29.43,27.9,28.03,26.92,26.15,25.83,25.17,23.7,27.15
T2M,2017,Namakkal,11,78.125,25.26,26.11,28.9,33.14,30.16,28.9,29.44,27.77,26.53,26.44,25.35,23.85,27.66
T2M,2017,Perambalur,11,78.75,24.92,25.43,28.88,32.95,30.91,29.79,30.5,28.23,27.06,26.9,25.06,23.59,27.86
T2M,2017,Cuddalore,11,79.375,25.24,25.49,28.72,32.27,31.81,31.03,31.39,29.05,28.17,28.01,25.74,24.35,28.45
T2M,2017,Bay of Bengal,11,80,25.77,25.92,28,30.21,30.72,30.4,30.41,29.24,28.68,28.49,27.1,26.04,28.43
T2M,2017,Coimbatore,11.5,77.5,24.28,25.58,28.1,32.08,28.84,27.6,27.86,26.54,25.4,24.89,24.21,22.84,26.52
T2M,2017,Salem,11.5,78.125,24.6,25.64,28.62,32.6,29.67,28.6,29.36,27.4,25.98,25.64,24.71,23.16,27.17
T2M,2017,Kallakurichi,11.5,78.75,23.94,24.62,28.21,32.3,30.19,29.11,29.91,27.45,26.3,25.79,24.21,22.62,27.06
T2M,2017,Villupuram,11.5,79.375,25.03,25.28,28.68,32.47,31.92,31.19,31.6,28.85,27.99,27.59,25.65,24.19,28.38
T2M,2017,Puducherry,11.5,80,25.67,25.81,27.93,30.15,30.8,30.48,30.49,29.17,28.6,28.36,27.08,25.93,28.39
T2M,2017,Tenkasi,9.5,77.5,23.76,24.77,26.67,29.81,27.84,25.54,25.64,25.01,24.53,24.39,23.43,22.38,25.31
T2M,2017,Madurai,9.5,78.125,26.02,26.73,29.34,33.07,30.73,28.89,29.67,28.33,27.29,27.46,25.83,24.73,28.18
T2M,2017,Sivagangai,9.5,78.75,26.1,26.5,29.06,31.72,30.98,30,30.64,29.36,28.18,28.51,26.71,25.71,28.63
T2M,2017,Ramanathapuram,9.5,79.375,26.06,26.41,28.41,30.14,30.24,29.82,29.94,29.34,28.62,28.85,27.61,26.8,28.53
T2M,2017,Rameswaram,9.5,80,25.82,26.22,28.15,30.11,30.11,29.47,29.68,28.98,28.43,28.59,27.34,26.63,28.31
T2M,2018,Theni,10,77.5,21.33,22.59,25.68,27.27,25.64,24.2,23.88,23.59,24.6,23.21,22.09,22.14,23.85
T2M,2018,Dindigul,10,78.125,24.09,25.76,28.98,30.15,28.86,28.57,28.38,28.22,28.66,26.42,25.06,24.75,27.33
T2M,2018,Tiruchirappalli,10,78.75,25,26.53,29.24,30.7,29.85,29.92,30.02,30.2,29.67,27.37,25.8,25.18,28.3
T2M,2018,Thanjavur,10,79.375,25.32,26.36,28.48,30.21,30.15,30.14,30.15,30.08,29.35,28.09,26.76,25.91,28.43
T2M,2018,Nagapattinam,10,80,25.73,26.23,28.01,29.67,29.77,29.44,29.51,29.21,28.72,28.28,27.44,26.68,28.23
T2M,2018,Dindigul,10.5,77.5,22.51,23.61,27.16,29.31,26.81,25.44,24.99,24.74,25.82,24.7,23.7,23.42,25.19
T2M,2018,Dindigul,10.5,78.125,23.94,25.22,28.92,30.75,28.79,28.33,27.95,27.74,28.42,26.44,25.22,24.82,27.22
T2M,2018,Tiruchirappalli,10.5,78.75,24.3,25.93,29.27,31.2,29.89,29.74,29.48,29.7,29.6,27.2,25.6,24.87,28.07
T2M,2018,Thanjavur,10.5,79.375,24.22,25.9,28.62,30.64,30.51,30.49,30.23,30.36,29.85,27.6,25.97,24.99,28.29
T2M,2018,Nagapattinam,10.5,80,25.29,26.03,27.9,29.66,29.99,29.86,29.77,29.56,28.96,28.13,27.19,26.32,28.23
T2M,2018,Erode,11,77.5,24.21,25.34,29.11,31.56,28.42,27.22,26.83,26.73,27.63,26.26,25.58,25.27,27.02
T2M,2018,Namakkal,11,78.125,24.38,25.49,29.2,31.62,28.95,28.23,27.92,27.97,28.58,26.56,25.64,25.35,27.5
T2M,2018,Perambalur,11,78.75,23.58,25.1,28.81,31.33,29.63,29.06,28.66,28.98,29.14,26.68,25.17,24.41,27.55
T2M,2018,Cuddalore,11,79.375,23.5,25.23,28.51,30.93,30.75,30.45,30.08,30.43,29.83,27.25,25.61,24.55,28.1
T2M,2018,Bay of Bengal,11,80,24.92,25.73,27.79,29.68,30.14,30.08,29.86,29.7,29.07,28.04,27.02,26.04,28.18
T2M,2018,Coimbatore,11.5,77.5,23.52,24.8,28.52,31.07,28.07,26.86,26.54,26.64,27.35,25.48,25.01,24.76,26.55
T2M,2018,Salem,11.5,78.125,23.84,25.1,28.7,31.56,28.7,27.85,27.61,27.89,28.32,26,25.24,25.02,27.16
T2M,2018,Kallakurichi,11.5,78.75,22.7,24.17,27.88,30.89,29.11,28.4,28.03,28.42,28.3,25.86,24.49,23.74,26.84
T2M,2018,Villupuram,11.5,79.375,23.45,24.91,28.28,31.01,30.81,30.42,30.19,30.62,29.45,27.11,25.59,24.53,28.04
T2M,2018,Puducherry,11.5,80,24.8,25.53,27.61,29.61,30.17,30.12,29.88,29.7,28.94,28.05,27.04,25.94,28.13
T2M,2018,Tenkasi,9.5,77.5,22.99,24.66,27.37,28.3,26.69,25.49,25.15,24.67,25.66,24.27,23.32,23.82,25.2
T2M,2018,Madurai,9.5,78.125,25.33,27.38,29.77,30.52,29.46,28.95,28.85,28.71,29.33,27,25.73,25.7,28.06
T2M,2018,Sivagangai,9.5,78.75,25.9,27,29.14,30.45,29.92,29.78,29.85,29.73,29.55,27.77,26.47,25.95,28.46
T2M,2018,Ramanathapuram,9.5,79.375,26,26.49,28.32,29.92,29.81,29.49,29.44,29,28.56,28.37,27.48,26.74,28.31
T2M,2018,Rameswaram,9.5,80,25.71,26.33,28.26,29.87,29.45,28.97,29.05,28.68,28.58,28.13,27.28,26.59,28.08
T2M,2019,Theni,10,77.5,21.31,25.13,27.61,28.51,28.54,25.96,24.84,23.66,23.51,22.87,22.6,21.24,24.64
T2M,2019,Dindigul,10,78.125,24.08,28.17,30.29,31.42,33.13,30.19,29.85,28.13,27.56,25.7,25.32,23.89,28.14
T2M,2019,Tiruchirappalli,10,78.75,24.92,28.29,30.27,31.94,33.04,31.79,31.16,29.63,28.66,26.73,26.27,24.88,28.96
T2M,2019,Thanjavur,10,79.375,25.37,27.62,29.26,31.03,31.22,31.2,30.32,29.58,28.83,27.77,27.58,26.3,28.84
T2M,2019,Nagapattinam,10,80,25.77,27.25,28.58,30.36,30.26,30.2,29.4,29.01,28.58,28.16,28.2,27.23,28.59
T2M,2019,Dindigul,10.5,77.5,22.46,26.72,29.37,30.17,29.69,27.35,26.04,25.02,24.84,24.21,23.71,22.4,25.99
T2M,2019,Dindigul,10.5,78.125,23.93,28.25,30.52,31.66,32.8,30.17,29.42,27.9,27.29,25.81,25.22,23.8,28.06
T2M,2019,Tiruchirappalli,10.5,78.75,24.4,28.34,30.53,32.32,33.47,31.88,30.87,29.34,28.12,26.39,25.93,24.46,28.83
T2M,2019,Thanjavur,10.5,79.375,24.65,27.69,29.63,31.6,32.3,32.15,30.9,29.66,28.51,27.06,26.81,25.42,28.86
T2M,2019,Nagapattinam,10.5,80,25.49,27.19,28.45,30.28,30.58,30.75,29.82,29.25,28.59,27.89,27.94,26.91,28.6
T2M,2019,Erode,11,77.5,24.37,28.85,31.28,32.08,31.61,29.09,27.93,26.75,26.39,25.65,24.98,23.95,27.73
T2M,2019,Namakkal,11,78.125,24.47,28.65,30.98,32.12,32.68,30.1,29.24,27.78,27.1,26.03,25.33,24.11,28.21
T2M,2019,Perambalur,11,78.75,23.7,27.93,30.35,32.16,33.22,31.07,29.89,28.51,27.28,25.91,25.44,23.9,28.28
T2M,2019,Cuddalore,11,79.375,23.99,27.58,29.82,31.93,33.01,32.52,30.84,29.46,28.09,26.69,26.42,24.96,28.78
T2M,2019,Bay of Bengal,11,80,25.17,27.1,28.48,30.38,30.93,31.23,30.13,29.33,28.53,27.7,27.73,26.64,28.62
T2M,2019,Coimbatore,11.5,77.5,23.93,28.15,30.56,31.36,31.05,28.55,27.41,26.07,25.55,24.85,24.13,23.28,27.06
T2M,2019,Salem,11.5,78.125,24.08,28.15,30.68,31.64,31.87,29.48,28.53,27.13,26.35,25.38,24.72,23.59,27.62
T2M,2019,Kallakurichi,11.5,78.75,22.78,27.14,29.7,31.34,32.3,30.05,28.78,27.45,26.26,25.17,24.66,23.08,27.39
T2M,2019,Villupuram,11.5,79.375,23.7,27.43,29.8,31.84,33.15,32.41,30.5,29.18,27.83,26.73,26.33,24.81,28.64
T2M,2019,Puducherry,11.5,80,24.95,26.89,28.45,30.32,30.93,31.25,30.09,29.18,28.45,27.78,27.69,26.53,28.55
T2M,2019,Tenkasi,9.5,77.5,23.34,27.22,29.03,29.98,29.53,26.77,26.04,24.78,24.75,23.98,23.96,22.74,26
T2M,2019,Madurai,9.5,78.125,25.53,28.97,30.74,32.01,33.23,30.28,30.16,28.5,28.14,26.45,26.14,24.88,28.75
T2M,2019,Sivagangai,9.5,78.75,25.7,28.2,29.96,31.53,32.13,31.06,30.6,29.51,29.04,27.42,27.04,25.74,28.99
T2M,2019,Ramanathapuram,9.5,79.375,25.87,27.5,29.02,30.65,30.3,30.18,29.48,29.13,28.77,28.22,28.25,27.13,28.71
T2M,2019,Rameswaram,9.5,80,25.7,27.4,29.08,30.81,30.28,29.96,29.22,28.74,28.39,27.99,28.02,27.06,28.56
T2M,2020,Theni,10,77.5,21.58,23.34,26.63,27.73,27.2,24.81,23.64,23.87,23.18,23.08,22.18,20.58,23.98
T2M,2020,Dindigul,10,78.125,24.49,26.55,29.89,30.68,30.96,29.08,27.49,28.31,27.08,26.89,25.04,23.24,27.47
T2M,2020,Tiruchirappalli,10,78.75,24.94,26.98,29.89,30.97,31.59,30.48,28.66,29.47,28.33,28.06,26.29,24.32,28.33
T2M,2020,Thanjavur,10,79.375,26.17,27.26,28.88,30.45,31.24,30.56,29.31,29.49,28.88,28.76,27.61,25.68,28.69
T2M,2020,Nagapattinam,10,80,26.89,27.25,28.22,29.95,30.6,29.93,29.1,29.02,28.59,28.64,28.06,26.64,28.58
T2M,2020,Dindigul,10.5,77.5,23.12,24.87,28.52,29.69,29.3,26.26,24.92,24.98,24.46,24.33,23.44,21.63,25.46
T2M,2020,Dindigul,10.5,78.125,24.58,26.45,30.06,31.07,31.56,28.98,27.36,27.79,26.79,26.5,24.97,23.07,27.43
T2M,2020,Tiruchirappalli,10.5,78.75,24.65,26.7,30.08,31.4,32.39,30.3,28.33,28.88,27.74,27.38,26,23.88,28.14
T2M,2020,Thanjavur,10.5,79.375,25.17,26.87,29.16,30.95,32.09,30.86,29.18,29.39,28.5,28.12,26.92,24.83,28.5
T2M,2020,Nagapattinam,10.5,80,26.48,27.09,28.16,29.86,30.89,30.19,29.26,29.13,28.58,28.49,27.81,26.37,28.53
T2M,2020,Erode,11,77.5,25.06,27.12,30.59,31.66,31.71,28.22,26.64,26.72,25.99,25.92,24.9,23.14,27.3
T2M,2020,Namakkal,11,78.125,25.12,27.04,30.5,31.73,32.35,29.14,27.38,27.55,26.6,26.43,25.15,23.34,27.69
T2M,2020,Perambalur,11,78.75,24.25,26.15,29.84,31.44,32.83,29.79,27.73,28,26.91,26.6,25.46,23.28,27.69
T2M,2020,Cuddalore,11,79.375,24.65,26.39,29.27,31.26,32.82,30.96,28.92,29.04,28.04,27.53,26.46,24.38,28.31
T2M,2020,Bay of Bengal,11,80,26.18,26.9,28.18,29.9,31.18,30.35,29.29,29.11,28.47,28.23,27.59,26.13,28.46
T2M,2020,Coimbatore,11.5,77.5,24.4,26.51,29.65,30.7,31.41,27.89,26.13,26.22,25.2,25.08,23.96,22.5,26.63
T2M,2020,Salem,11.5,78.125,24.71,26.69,30.02,31.24,32.35,28.87,26.88,27,25.87,25.71,24.43,22.86,27.22
T2M,2020,Kallakurichi,11.5,78.75,23.56,25.27,29.08,30.74,32.5,29.29,26.92,27.14,25.94,25.67,24.44,22.36,26.91
T2M,2020,Villupuram,11.5,79.375,24.65,26.22,29.23,31.19,33.06,31.15,28.67,28.9,27.77,27.31,26.16,24.16,28.21
T2M,2020,Puducherry,11.5,80,26.07,26.75,28.08,29.84,31.25,30.37,29.23,29.08,28.38,28.12,27.49,26.02,28.39
T2M,2020,Tenkasi,9.5,77.5,23.17,25.33,28.58,28.84,27.77,25.74,24.83,25.16,24.31,24.4,23.65,22.09,25.32
T2M,2020,Madurai,9.5,78.125,25.47,27.87,30.52,31.22,30.89,29.42,28.1,28.87,27.73,27.85,26,24.28,28.18
T2M,2020,Sivagangai,9.5,78.75,25.77,27.44,29.62,30.82,31.16,30.34,29.06,29.55,28.78,28.66,27.02,25.21,28.62
T2M,2020,Ramanathapuram,9.5,79.375,27.01,27.42,28.64,30.18,30.69,30,29.13,28.98,28.78,28.79,28.18,26.51,28.69
T2M,2020,Rameswaram,9.5,80,26.77,27.19,28.57,30.35,30.44,29.66,28.75,28.74,28.33,28.42,27.94,26.48,28.47
T2M,2021,Theni,10,77.5,20.65,20.86,24.13,26.51,25.07,24.25,23.6,23.66,23.34,23.06,21.88,20.72,23.15
T2M,2021,Dindigul,10,78.125,23.33,23.37,27.27,29.8,28.79,28.52,27.91,28.02,27.57,26.19,24.76,23.36,26.59
T2M,2021,Tiruchirappalli,10,78.75,24.37,24.03,27.77,30.29,29.95,29.96,29.5,29.44,28.62,27.02,25.63,24.43,27.6
T2M,2021,Thanjavur,10,79.375,25.72,25.47,28.16,29.92,30.25,30.1,29.96,29.59,29.13,28.04,26.81,26.12,28.29
T2M,2021,Nagapattinam,10,80,26.5,26.3,28.07,29.51,29.87,29.51,29.51,29.02,28.94,28.39,27.37,27.13,28.35
T2M,2021,Dindigul,10.5,77.5,21.78,22.4,25.73,28.23,26.83,25.78,24.9,24.93,24.63,24.3,23.02,21.71,24.53
T2M,2021,Dindigul,10.5,78.125,23.22,23.47,27.2,29.93,29.09,28.55,27.64,27.72,27.19,26.12,24.56,23.16,26.5
T2M,2021,Tiruchirappalli,10.5,78.75,23.96,23.63,27.49,30.48,30.15,29.93,28.96,28.83,27.96,26.71,25.32,23.9,27.29
T2M,2021,Thanjavur,10.5,79.375,24.84,24.36,27.67,30.27,30.58,30.4,29.76,29.32,28.6,27.38,26.05,25.04,27.87
T2M,2021,Nagapattinam,10.5,80,26.17,25.88,27.85,29.58,30.06,29.75,29.63,29.07,28.86,28.17,27.08,26.74,28.25
T2M,2021,Erode,11,77.5,23.43,24.49,28.08,30.2,28.56,27.59,26.7,26.81,26.36,25.72,24.27,22.91,26.27
T2M,2021,Namakkal,11,78.125,23.59,24.34,28.01,30.5,29.3,28.5,27.52,27.71,27.06,26.19,24.53,23.14,26.71
T2M,2021,Perambalur,11,78.75,23.44,23.47,27.33,30.51,30.03,29.29,28.09,28.03,27.17,26.25,24.8,23.28,26.82
T2M,2021,Cuddalore,11,79.375,24.39,23.86,27.27,30.61,30.84,30.43,29.33,28.9,28.1,27.06,25.63,24.48,27.59
T2M,2021,Bay of Bengal,11,80,25.92,25.57,27.59,29.6,30.22,29.93,29.55,28.99,28.66,27.99,26.87,26.41,28.12
T2M,2021,Coimbatore,11.5,77.5,23.13,24.23,28.08,29.67,27.78,26.71,26.04,26.26,25.68,24.96,23.44,22.12,25.68
T2M,2021,Salem,11.5,78.125,23.37,24.33,28.2,30.32,28.78,27.72,26.85,27.21,26.52,25.61,23.94,22.46,26.28
T2M,2021,Kallakurichi,11.5,78.75,22.68,23.09,26.94,30.12,29.38,28.28,27.04,27.16,26.36,25.55,23.97,22.44,26.1
T2M,2021,Villupuram,11.5,79.375,24.26,23.92,27.3,30.75,30.9,30.3,28.98,28.75,27.96,27.09,25.49,24.33,27.52
T2M,2021,Puducherry,11.5,80,25.83,25.45,27.36,29.43,30.2,29.97,29.37,28.91,28.51,28.03,26.87,26.27,28.03
T2M,2021,Tenkasi,9.5,77.5,22.05,22.31,25.69,27.62,25.71,25.11,24.78,24.99,24.78,24.32,23.15,22.12,24.39
T2M,2021,Madurai,9.5,78.125,24.27,24.52,28.43,30.46,28.95,28.56,28.35,28.66,28.31,27.04,25.48,24.33,27.29
T2M,2021,Sivagangai,9.5,78.75,25.22,24.98,28.21,30.19,29.94,29.71,29.64,29.64,29.08,27.67,26.31,25.47,28.02
T2M,2021,Ramanathapuram,9.5,79.375,26.53,26.4,28.34,29.59,29.92,29.62,29.52,29.14,29.07,28.42,27.41,27.09,28.43
T2M,2021,Rameswaram,9.5,80,26.39,26.23,28.05,29.48,29.6,29.22,29.17,28.74,28.71,28.16,27.19,26.99,28.17
T2M,2022,Theni,10,77.5,21.35,22.3,25.19,25.94,25.48,23.84,23.3,22.93,23.17,22.87,21.54,21.03,23.25
T2M,2022,Dindigul,10,78.125,24.23,25.51,28.5,28.99,29.43,27.99,27.34,26.57,27.03,26.07,24.11,23.79,26.63
T2M,2022,Tiruchirappalli,10,78.75,24.94,25.82,28.94,29.62,30.42,29.17,28.9,27.91,28.45,27.17,25.06,24.63,27.59
T2M,2022,Thanjavur,10,79.375,26.08,26.32,28.66,29.65,30.42,29.41,29.36,28.52,28.87,28.13,26.35,25.87,28.15
T2M,2022,Nagapattinam,10,80,26.73,26.68,28.36,29.35,29.75,28.96,29.21,28.52,28.63,28.36,27.07,26.62,28.2
T2M,2022,Dindigul,10.5,77.5,22.53,23.68,26.71,27.84,26.78,25.21,24.59,24.23,24.44,24.07,22.61,22.32,24.59
T2M,2022,Dindigul,10.5,78.125,23.94,25.21,28.38,29.42,29.35,27.85,27.17,26.56,26.84,25.87,24.06,23.81,26.54
T2M,2022,Tiruchirappalli,10.5,78.75,24.39,25.18,28.74,29.95,30.51,29.02,28.63,27.83,28.01,26.75,24.78,24.33,27.35
T2M,2022,Thanjavur,10.5,79.375,25.15,25.48,28.7,29.86,30.85,29.5,29.3,28.41,28.6,27.57,25.56,25.05,27.85
T2M,2022,Nagapattinam,10.5,80,26.37,26.43,28.32,29.37,30.05,29.1,29.31,28.54,28.74,28.17,26.8,26.3,28.13
T2M,2022,Erode,11,77.5,24.05,25.63,28.88,29.98,28.64,27.28,26.69,26.13,26.26,25.67,24.07,23.98,26.44
T2M,2022,Namakkal,11,78.125,24.19,25.67,28.98,30.11,29.46,28.02,27.56,26.87,27.01,26.06,24.32,24.16,26.87
T2M,2022,Perambalur,11,78.75,23.79,24.72,28.41,30,30.19,28.55,28.25,27.49,27.5,26.29,24.37,23.96,26.97
T2M,2022,Cuddalore,11,79.375,24.69,25.07,28.6,30.09,31.05,29.52,29.25,28.4,28.38,27.24,25.2,24.68,27.7
T2M,2022,Bay of Bengal,11,80,26.07,26.1,28.16,29.38,30.21,29.22,29.29,28.55,28.71,27.98,26.59,26.08,28.04
T2M,2022,Coimbatore,11.5,77.5,23.26,24.88,28.28,29.43,28.15,26.84,26.29,25.57,25.59,24.83,23.28,23.14,25.8
T2M,2022,Salem,11.5,78.125,23.68,25.2,28.72,29.97,28.98,27.57,27.26,26.29,26.34,25.37,23.69,23.52,26.39
T2M,2022,Kallakurichi,11.5,78.75,23.02,24.04,27.72,29.52,29.42,27.8,27.53,26.59,26.57,25.45,23.55,23.17,26.21
T2M,2022,Villupuram,11.5,79.375,24.69,25.16,28.56,30.21,30.96,29.51,29.24,28.33,28.29,27.13,25.12,24.62,27.67
T2M,2022,Puducherry,11.5,80,25.95,25.87,27.89,29.29,30.15,29.28,29.26,28.59,28.66,27.94,26.57,26.04,27.97
T2M,2022,Tenkasi,9.5,77.5,22.86,24.36,27.04,27.06,26.5,25.22,24.75,24.32,24.57,24.34,22.99,22.62,24.72
T2M,2022,Madurai,9.5,78.125,25.54,27.03,29.57,29.39,29.65,28.61,28.19,27.49,28.05,27.2,24.99,24.76,27.54
T2M,2022,Sivagangai,9.5,78.75,25.83,26.67,29.09,29.54,30.3,29.35,29.2,28.31,28.95,27.91,25.84,25.49,28.05
T2M,2022,Ramanathapuram,9.5,79.375,26.86,26.87,28.49,29.5,29.92,29.16,29.17,28.49,28.7,28.43,27.07,26.69,28.29
T2M,2022,Rameswaram,9.5,80,26.61,26.51,28.35,29.22,29.41,28.74,28.82,28.27,28.27,28.15,26.85,26.51,27.98
T2M,2023,Theni,10,77.5,20.11,22.19,24.93,26.61,25.99,25.24,24.21,25.36,23.65,23.93,22.53,21.84,23.89
T2M,2023,Dindigul,10,78.125,22.96,24.98,28.22,30.15,29.16,29.47,28.77,29.82,27.84,27.41,25.27,24.53,27.39
T2M,2023,Tiruchirappalli,10,78.75,23.63,25.36,28.84,30.73,29.3,30.37,30.28,30.82,29.03,28.54,26.18,25.46,28.23
T2M,2023,Thanjavur,10,79.375,25.03,25.91,28.59,30.28,29.62,30.38,30.38,30.25,29.41,28.84,27.36,26.57,28.56
T2M,2023,Nagapattinam,10,80,25.94,26.38,28.17,29.82,29.5,29.92,29.73,29.47,28.98,28.6,27.92,27.29,28.49
T2M,2023,Dindigul,10.5,77.5,21.5,23.6,26.57,28.67,27.34,26.72,25.6,26.56,25.01,25.34,23.76,23.04,25.32
T2M,2023,Dindigul,10.5,78.125,23.1,25.03,28.35,30.54,29.15,29.4,28.56,29.46,27.74,27.49,25.22,24.49,27.39
T2M,2023,Tiruchirappalli,10.5,78.75,23.56,25.28,29.01,31.13,29.48,30.26,29.97,30.56,28.72,28.42,25.96,25.24,28.15
T2M,2023,Thanjavur,10.5,79.375,24.27,25.5,28.77,30.68,29.78,30.45,30.49,30.57,29.35,28.97,26.73,25.82,28.46
T2M,2023,Nagapattinam,10.5,80,25.65,26.18,28.12,29.83,29.62,30.02,29.91,29.7,29.04,28.74,27.7,27,28.47
T2M,2023,Erode,11,77.5,23.45,25.72,28.84,31.04,29.12,28.88,27.85,28.87,26.86,27.02,25.25,24.79,27.31
T2M,2023,Namakkal,11,78.125,23.68,25.78,29.03,31.25,29.36,29.64,28.93,29.92,27.74,27.72,25.49,24.96,27.8
T2M,2023,Perambalur,11,78.75,23.34,25.12,28.78,31.14,29.47,29.89,29.47,30.26,28.04,27.99,25.62,24.91,27.85
T2M,2023,Cuddalore,11,79.375,23.98,25.35,28.75,30.93,30.14,30.44,30.32,30.72,29.07,29,26.51,25.45,28.4
T2M,2023,Bay of Bengal,11,80,25.4,26.03,28.05,29.88,29.86,30.06,29.84,29.85,29.02,28.86,27.59,26.78,28.45
T2M,2023,Coimbatore,11.5,77.5,22.69,25.36,28.21,30.35,28.73,28.66,27.47,28.68,26.16,26.22,24.61,24.44,26.8
T2M,2023,Salem,11.5,78.125,22.99,25.55,28.62,30.97,29.21,29.39,28.58,29.72,27.09,27.1,25.19,24.76,27.44
T2M,2023,Kallakurichi,11.5,78.75,22.44,24.46,27.83,30.51,29.28,29.33,28.68,29.57,27.02,27.03,24.96,24.18,27.12
T2M,2023,Villupuram,11.5,79.375,23.91,25.43,28.51,30.89,30.54,30.49,30.11,30.74,28.74,28.79,26.5,25.3,28.34
T2M,2023,Puducherry,11.5,80,25.33,26,27.88,29.77,30.09,30.05,29.65,29.77,28.87,28.84,27.63,26.67,28.39
T2M,2023,Tenkasi,9.5,77.5,22.17,24.02,27.11,28.34,26.89,26.36,25.58,26.78,25.05,25.12,23.91,23.32,25.39
T2M,2023,Madurai,9.5,78.125,24.19,26.21,29.34,30.78,29.52,29.79,29.37,30.65,28.37,28.13,26.14,25.46,28.17
T2M,2023,Sivagangai,9.5,78.75,24.54,26,28.93,30.49,29.61,30.52,30.24,30.78,29.32,28.76,26.9,26.19,28.54
T2M,2023,Ramanathapuram,9.5,79.375,25.92,26.42,28.45,30.01,29.78,30.18,29.72,29.51,29.09,28.63,27.97,27.31,28.59
T2M,2023,Rameswaram,9.5,80,25.7,26.14,28.16,29.95,29.26,29.63,29.31,29.33,28.86,28.36,27.8,27.25,28.32
T2M,2024,Theni,10,77.5,21.23,23.66,26.61,29.37,27.08,24.17,23.86,23.95,24.08,23.65,22.23,22.26,24.34
T2M,2024,Dindigul,10,78.125,24.11,26.79,29.56,32.19,30.32,28.27,28.27,27.9,28.87,26.8,25.01,24.86,27.74
T2M,2024,Tiruchirappalli,10,78.75,24.84,27.33,29.64,32.32,30.73,29.08,29.6,29.14,30.44,27.57,25.9,25.58,28.51
T2M,2024,Thanjavur,10,79.375,25.99,27.53,29.03,31.26,30.68,29.69,30.18,29.72,30.55,28.47,27.26,26.51,28.9
T2M,2024,Nagapattinam,10,80,26.76,27.59,28.45,30.46,30.44,29.6,29.93,29.36,29.75,28.69,28.1,27.09,28.85
T2M,2024,Dindigul,10.5,77.5,22.72,25.23,28.4,31.26,28.5,25.49,25.03,25.12,25.35,24.84,23.37,23.21,25.71
T2M,2024,Dindigul,10.5,78.125,24.32,26.91,29.75,32.65,30.37,28.15,27.9,27.65,28.42,26.59,24.85,24.66,27.68
T2M,2024,Tiruchirappalli,10.5,78.75,24.85,27.44,29.88,32.87,30.97,28.95,29.21,28.83,29.86,27.33,25.58,25.19,28.41
T2M,2024,Thanjavur,10.5,79.375,25.16,27.35,29.22,31.92,30.95,29.61,30.07,29.71,30.57,28.09,26.49,25.73,28.74
T2M,2024,Nagapattinam,10.5,80,26.49,27.47,28.44,30.38,30.45,29.61,29.97,29.46,29.9,28.58,27.85,26.78,28.78
T2M,2024,Erode,11,77.5,24.77,27.57,30.55,33.35,30.09,27.26,26.91,26.8,27.47,26.16,24.74,24.45,27.5
T2M,2024,Namakkal,11,78.125,25.03,27.64,30.34,33.31,30.57,28.03,27.9,27.68,28.5,26.59,24.98,24.71,27.93
T2M,2024,Perambalur,11,78.75,24.64,27.14,29.68,32.85,30.82,28.53,28.69,28.25,29.11,26.87,25.12,24.69,28.03
T2M,2024,Cuddalore,11,79.375,24.82,27.06,29.3,32.25,31.26,29.64,29.99,29.47,30.22,27.83,26.15,25.37,28.61
T2M,2024,Bay of Bengal,11,80,26.25,27.26,28.46,30.45,30.62,29.73,29.98,29.46,29.89,28.5,27.66,26.56,28.74
T2M,2024,Coimbatore,11.5,77.5,24.49,27.36,29.85,32.63,29.36,26.7,26.52,26.27,26.99,25.36,23.95,23.68,26.92
T2M,2024,Salem,11.5,78.125,24.86,27.49,30.03,32.93,30.04,27.42,27.47,27.15,27.94,26.09,24.43,24.1,27.49
T2M,2024,Kallakurichi,11.5,78.75,23.92,26.3,28.96,32.06,30.29,27.87,28.05,27.36,28.13,26.12,24.35,23.93,27.27
T2M,2024,Villupuram,11.5,79.375,24.8,26.83,29.25,32.16,31.5,29.74,30.05,29.16,29.9,27.74,26.08,25.33,28.54
T2M,2024,Puducherry,11.5,80,26.17,27.06,28.39,30.39,30.77,29.95,30.02,29.39,29.73,28.53,27.61,26.52,28.71
T2M,2024,Tenkasi,9.5,77.5,22.78,25.42,28.54,30.64,28.09,25.45,25.13,25.17,25.64,24.72,23.74,23.71,25.75
T2M,2024,Madurai,9.5,78.125,25.1,27.75,30.31,32.49,30.79,28.58,28.76,28.58,29.64,27.58,26.04,25.77,28.44
T2M,2024,Sivagangai,9.5,78.75,25.5,27.49,29.49,31.81,30.67,29.34,29.81,29.43,30.62,28.12,26.74,26.39,28.78
T2M,2024,Ramanathapuram,9.5,79.375,26.79,27.73,28.89,30.87,30.53,29.63,29.86,29.39,29.97,28.69,28.03,27.24,28.97
T2M,2024,Rameswaram,9.5,80,26.59,27.46,28.56,30.92,30.45,29.42,29.65,29.12,29.54,28.54,27.94,27.06,28.77
T2M,2025,Theni,10,77.5,20.77,22.85,25.51,26.33,25.83,25.01,24.66,24.23,24.32,23.72,22.16,20.27,23.81
T2M,2025,Dindigul,10,78.125,23.43,25.61,28.51,29.25,29.58,29.33,29.4,28.5,28.57,27.08,25.18,22.89,27.28
T2M,2025,Tiruchirappalli,10,78.75,24.04,26.15,28.98,30.05,30.48,30.5,31.39,29.57,29.53,27.92,25.83,23.73,28.19
T2M,2025,Thanjavur,10,79.375,25.33,26.72,28.96,30.24,30.7,30.47,30.95,29.68,29.7,28.52,26.99,25.19,28.63
T2M,2025,Nagapattinam,10,80,26.25,26.96,28.61,29.86,30.37,29.91,30,29.08,29.22,28.55,27.79,26.33,28.58
T2M,2025,Dindigul,10.5,77.5,21.67,23.92,26.97,27.98,27.3,26.4,25.79,25.49,25.65,25.04,23.57,21.59,25.12
T2M,2025,Dindigul,10.5,78.125,23.19,25.39,28.52,29.51,29.5,29.16,28.92,28.25,28.33,26.98,25.16,22.93,27.16
T2M,2025,Tiruchirappalli,10.5,78.75,23.55,25.69,28.85,30.27,30.37,30.34,30.88,29.31,29.12,27.56,25.51,23.37,27.91
T2M,2025,Thanjavur,10.5,79.375,24.35,25.95,28.81,30.53,30.66,30.63,31.1,29.72,29.43,28.01,26.15,24.19,28.3
T2M,2025,Nagapattinam,10.5,80,25.87,26.63,28.49,29.9,30.45,30.14,30.23,29.23,29.2,28.36,27.55,25.93,28.51
T2M,2025,Erode,11,77.5,23.16,25.53,28.93,29.9,29.01,28.16,27.72,27.58,27.66,26.56,25.36,23.46,26.92
T2M,2025,Namakkal,11,78.125,23.38,25.72,29.04,30.04,29.47,29.07,29.11,28.52,28.53,27.09,25.52,23.56,27.43
T2M,2025,Perambalur,11,78.75,22.96,25.17,28.51,30.28,29.82,29.65,30.09,28.75,28.56,27,25.07,22.98,27.41
T2M,2025,Cuddalore,11,79.375,23.9,25.44,28.5,30.74,30.54,30.52,31.21,29.41,29.08,27.58,25.77,23.71,28.04
T2M,2025,Bay of Bengal,11,80,25.55,26.28,28.35,29.91,30.45,30.26,30.34,29.21,29.09,28.15,27.35,25.64,28.39
T2M,2025,Coimbatore,11.5,77.5,22.34,24.96,28.45,29.48,28.22,27.45,27.27,27.15,27.03,25.68,24.58,23.06,26.31
T2M,2025,Salem,11.5,78.125,22.81,25.35,28.92,30.1,28.79,28.37,28.61,28.07,27.96,26.52,25.01,23.28,26.99
T2M,2025,Kallakurichi,11.5,78.75,22.16,24.54,27.93,30,28.96,28.66,29.16,27.81,27.61,26.13,24.26,22.32,26.63
T2M,2025,Villupuram,11.5,79.375,23.85,25.48,28.42,30.82,30.42,30.43,31.35,29.11,28.87,27.41,25.71,23.64,27.97
T2M,2025,Puducherry,11.5,80,25.41,26.12,28.22,29.8,30.37,30.31,30.36,29.1,29.05,28.11,27.32,25.58,28.32
T2M,2025,Tenkasi,9.5,77.5,22.8,24.72,27.04,27.24,26.86,26.09,25.82,25.38,25.6,24.98,23.58,21.77,25.16
T2M,2025,Madurai,9.5,78.125,24.45,26.72,29.23,29.63,30.05,29.58,29.97,28.97,29.3,27.78,26,23.93,27.97
T2M,2025,Sivagangai,9.5,78.75,24.94,26.75,29.17,30.05,30.66,30.35,30.96,29.63,29.9,28.4,26.58,24.64,28.51
T2M,2025,Ramanathapuram,9.5,79.375,26.26,27.15,28.9,29.94,30.59,29.98,30.16,29.16,29.42,28.7,27.73,26.13,28.68
T2M,2025,Rameswaram,9.5,80,26.16,26.81,28.5,29.78,30.11,29.56,29.59,28.81,28.98,28.43,27.58,26.22,28.38
